epoch,step,train_acc,train_loss_epoch,train_loss_step,val_acc,val_f1,val_loss
0,9,,,2.0294647216796875,,,
0,19,,,1.973520278930664,,,
0,29,,,1.8490066528320312,,,
0,39,,,2.0400352478027344,,,
0,49,,,1.6419944763183594,,,
0,59,,,1.8060722351074219,,,
0,69,,,1.6484642028808594,,,
0,79,,,1.58514404296875,,,
0,89,,,1.5917549133300781,,,
0,99,,,1.5976238250732422,,,
0,109,,,1.4557647705078125,,,
0,119,,,1.4197759628295898,,,
0,129,,,1.4627914428710938,,,
0,139,,,1.4606971740722656,,,
0,149,,,1.0942450761795044,,,
0,159,,,1.386688232421875,,,
0,169,,,1.3093690872192383,,,
0,179,,,1.2588014602661133,,,
0,189,,,1.6672391891479492,,,
0,199,,,1.3652877807617188,,,
0,209,,,1.42364501953125,,,
0,219,,,1.241929531097412,,,
0,229,,,1.6556816101074219,,,
0,239,,,1.323775291442871,,,
0,249,,,1.1155238151550293,,,
0,259,,,1.0572824478149414,,,
0,269,,,1.3305115699768066,,,
0,279,,,1.034265160560608,,,
0,289,,,1.6358203887939453,,,
0,299,,,1.3207287788391113,,,
0,309,,,1.3669438362121582,,,
0,319,,,1.1437568664550781,,,
0,329,,,1.0392789840698242,,,
0,339,,,1.4031481742858887,,,
0,349,,,1.367896556854248,,,
0,359,,,1.2049686908721924,,,
0,369,,,1.5283489227294922,,,
0,379,,,1.365415096282959,,,
0,389,,,1.0215682983398438,,,
0,399,,,1.3595733642578125,,,
0,409,,,1.30269455909729,,,
0,419,,,1.455276608467102,,,
0,429,,,1.1783537864685059,,,
0,439,,,1.0935481786727905,,,
0,449,,,1.3043394088745117,,,
0,459,,,1.295729398727417,,,
0,469,,,1.2896902561187744,,,
0,479,,,1.1847989559173584,,,
0,489,,,1.1583232879638672,,,
0,499,,,1.2386131286621094,,,
0,509,,,1.320906400680542,,,
0,519,,,1.3267555236816406,,,
0,529,,,1.1622891426086426,,,
0,539,,,1.1405887603759766,,,
0,549,,,1.1837351322174072,,,
0,559,,,1.2274397611618042,,,
0,569,,,1.3787627220153809,,,
0,579,,,1.1890125274658203,,,
0,589,,,1.2144343852996826,,,
0,599,,,1.1564898490905762,,,
0,609,,,1.233039379119873,,,
0,619,,,1.3074684143066406,,,
0,629,,,1.0697660446166992,,,
0,639,,,1.2719635963439941,,,
0,649,,,1.1363568305969238,,,
0,659,,,0.9224967956542969,,,
0,669,,,1.363145112991333,,,
0,679,,,1.0948410034179688,,,
0,689,,,1.390963077545166,,,
0,699,,,1.1328421831130981,,,
0,703,,,,0.5881999731063843,0.556606650352478,1.138812780380249
0,703,0.5077999830245972,1.373710036277771,,,,
1,709,,,1.261610984802246,,,
1,719,,,0.9366841316223145,,,
1,729,,,1.096171498298645,,,
1,739,,,1.2788318395614624,,,
1,749,,,1.0374184846878052,,,
1,759,,,1.0886716842651367,,,
1,769,,,1.016578197479248,,,
1,779,,,1.1724636554718018,,,
1,789,,,1.151597023010254,,,
1,799,,,1.319610834121704,,,
1,809,,,1.1079620122909546,,,
1,819,,,1.1005923748016357,,,
1,829,,,0.9934391975402832,,,
1,839,,,1.1357173919677734,,,
1,849,,,1.1777993440628052,,,
1,859,,,0.865206241607666,,,
1,869,,,0.9970105290412903,,,
1,879,,,1.2448616027832031,,,
1,889,,,0.9720020294189453,,,
1,899,,,1.1402313709259033,,,
1,909,,,1.007585048675537,,,
1,919,,,1.0086848735809326,,,
1,929,,,1.0854768753051758,,,
1,939,,,0.8619892597198486,,,
1,949,,,0.9677982330322266,,,
1,959,,,0.9294875860214233,,,
1,969,,,1.0681922435760498,,,
1,979,,,1.3009239435195923,,,
1,989,,,1.0472819805145264,,,
1,999,,,1.1167339086532593,,,
1,1009,,,1.099771499633789,,,
1,1019,,,1.2689919471740723,,,
1,1029,,,0.957321047782898,,,
1,1039,,,0.9831459522247314,,,
1,1049,,,1.1574327945709229,,,
1,1059,,,1.2053768634796143,,,
1,1069,,,1.1872618198394775,,,
1,1079,,,1.0945265293121338,,,
1,1089,,,0.8919140100479126,,,
1,1099,,,1.0523097515106201,,,
1,1109,,,0.9447062015533447,,,
1,1119,,,0.9555590152740479,,,
1,1129,,,0.7912759780883789,,,
1,1139,,,0.9503302574157715,,,
1,1149,,,0.9006176590919495,,,
1,1159,,,1.152214765548706,,,
1,1169,,,1.025071382522583,,,
1,1179,,,1.136338472366333,,,
1,1189,,,1.0687862634658813,,,
1,1199,,,0.8655446767807007,,,
1,1209,,,1.3549752235412598,,,
1,1219,,,0.9678068161010742,,,
1,1229,,,1.3132176399230957,,,
1,1239,,,1.215240478515625,,,
1,1249,,,1.0862321853637695,,,
1,1259,,,0.9412379264831543,,,
1,1269,,,1.2102165222167969,,,
1,1279,,,0.9297647476196289,,,
1,1289,,,1.0251678228378296,,,
1,1299,,,0.8850730657577515,,,
1,1309,,,1.0913108587265015,,,
1,1319,,,0.7341989278793335,,,
1,1329,,,0.9380789399147034,,,
1,1339,,,0.9109857082366943,,,
1,1349,,,0.9369969367980957,,,
1,1359,,,0.8475031852722168,,,
1,1369,,,1.0195547342300415,,,
1,1379,,,1.056645154953003,,,
1,1389,,,0.9487012624740601,,,
1,1399,,,0.8598334789276123,,,
1,1407,,,,0.6416000127792358,0.617631733417511,1.0222318172454834
1,1407,0.621222198009491,1.0683164596557617,,,,
2,1409,,,0.9566081166267395,,,
2,1419,,,1.0081555843353271,,,
2,1429,,,0.927126407623291,,,
2,1439,,,0.8851516246795654,,,
2,1449,,,0.9214654564857483,,,
2,1459,,,0.9776900410652161,,,
2,1469,,,0.8808284997940063,,,
2,1479,,,1.072810411453247,,,
2,1489,,,1.031278133392334,,,
2,1499,,,0.9755356311798096,,,
2,1509,,,1.098633885383606,,,
2,1519,,,1.1093755960464478,,,
2,1529,,,0.7677255272865295,,,
2,1539,,,1.1046608686447144,,,
2,1549,,,1.0073978900909424,,,
2,1559,,,0.9578959345817566,,,
2,1569,,,0.974577009677887,,,
2,1579,,,1.1648180484771729,,,
2,1589,,,1.0917819738388062,,,
2,1599,,,0.7488383054733276,,,
2,1609,,,0.9455233216285706,,,
2,1619,,,0.997907280921936,,,
2,1629,,,1.2273566722869873,,,
2,1639,,,0.8622315526008606,,,
2,1649,,,0.7655885219573975,,,
2,1659,,,0.7878439426422119,,,
2,1669,,,0.8504063487052917,,,
2,1679,,,0.9730303883552551,,,
2,1689,,,0.9704418778419495,,,
2,1699,,,1.1585347652435303,,,
2,1709,,,1.1220383644104004,,,
2,1719,,,0.9199491143226624,,,
2,1729,,,0.9477664828300476,,,
2,1739,,,1.0229945182800293,,,
2,1749,,,0.7405995726585388,,,
2,1759,,,0.9561874866485596,,,
2,1769,,,1.1215953826904297,,,
2,1779,,,0.8928407430648804,,,
2,1789,,,1.148384690284729,,,
2,1799,,,0.7683910131454468,,,
2,1809,,,0.9417158365249634,,,
2,1819,,,1.1022231578826904,,,
2,1829,,,1.061750888824463,,,
2,1839,,,0.8423693180084229,,,
2,1849,,,0.7970713376998901,,,
2,1859,,,0.8315030336380005,,,
2,1869,,,1.0724573135375977,,,
2,1879,,,1.041275978088379,,,
2,1889,,,0.9717481136322021,,,
2,1899,,,0.8753089904785156,,,
2,1909,,,0.981519877910614,,,
2,1919,,,1.0156223773956299,,,
2,1929,,,0.9487018585205078,,,
2,1939,,,0.9413529634475708,,,
2,1949,,,0.7106747627258301,,,
2,1959,,,0.8480508327484131,,,
2,1969,,,1.0302704572677612,,,
2,1979,,,1.045408010482788,,,
2,1989,,,0.7992427945137024,,,
2,1999,,,1.1261146068572998,,,
2,2009,,,0.9497350454330444,,,
2,2019,,,0.9782582521438599,,,
2,2029,,,1.1749012470245361,,,
2,2039,,,0.8062346577644348,,,
2,2049,,,0.724464476108551,,,
2,2059,,,0.7458801865577698,,,
2,2069,,,0.7546743154525757,,,
2,2079,,,1.0302773714065552,,,
2,2089,,,0.9998470544815063,,,
2,2099,,,0.9661338329315186,,,
2,2109,,,0.9839671850204468,,,
2,2111,,,,0.6746000051498413,0.6543571352958679,0.9380701184272766
2,2111,0.659600019454956,0.962612509727478,,,,
3,2119,,,0.7659929394721985,,,
3,2129,,,0.797059953212738,,,
3,2139,,,0.8607034683227539,,,
3,2149,,,0.9004777669906616,,,
3,2159,,,0.9206442832946777,,,
3,2169,,,0.8482093214988708,,,
3,2179,,,0.897050678730011,,,
3,2189,,,0.9480000734329224,,,
3,2199,,,0.9392000436782837,,,
3,2209,,,0.962105393409729,,,
3,2219,,,0.7756624221801758,,,
3,2229,,,1.0810208320617676,,,
3,2239,,,0.8796532154083252,,,
3,2249,,,0.8830602169036865,,,
3,2259,,,0.9962776899337769,,,
3,2269,,,0.714946985244751,,,
3,2279,,,1.0497851371765137,,,
3,2289,,,0.8106393814086914,,,
3,2299,,,0.9023306369781494,,,
3,2309,,,1.069780707359314,,,
3,2319,,,0.9464604258537292,,,
3,2329,,,0.9698194265365601,,,
3,2339,,,0.9210934638977051,,,
3,2349,,,1.0648998022079468,,,
3,2359,,,0.980124294757843,,,
3,2369,,,1.2131470441818237,,,
3,2379,,,0.9307012557983398,,,
3,2389,,,1.0432525873184204,,,
3,2399,,,0.6190608739852905,,,
3,2409,,,1.0620534420013428,,,
3,2419,,,1.0403715372085571,,,
3,2429,,,1.0119707584381104,,,
3,2439,,,0.8116378784179688,,,
3,2449,,,1.1176097393035889,,,
3,2459,,,0.8764048218727112,,,
3,2469,,,1.0558453798294067,,,
3,2479,,,0.9865429997444153,,,
3,2489,,,0.8231202363967896,,,
3,2499,,,0.8377200961112976,,,
3,2509,,,0.8991662859916687,,,
3,2519,,,0.8994332551956177,,,
3,2529,,,0.8685799241065979,,,
3,2539,,,0.8063643574714661,,,
3,2549,,,0.8979567289352417,,,
3,2559,,,0.9660822153091431,,,
3,2569,,,0.7115592956542969,,,
3,2579,,,0.8209995031356812,,,
3,2589,,,0.9112191200256348,,,
3,2599,,,0.7779126167297363,,,
3,2609,,,1.1514267921447754,,,
3,2619,,,0.8452563285827637,,,
3,2629,,,0.9046565890312195,,,
3,2639,,,0.9992203116416931,,,
3,2649,,,0.9424644708633423,,,
3,2659,,,0.7265100479125977,,,
3,2669,,,0.8097153306007385,,,
3,2679,,,0.7752415537834167,,,
3,2689,,,0.8657886981964111,,,
3,2699,,,0.6774449348449707,,,
3,2709,,,0.785168468952179,,,
3,2719,,,0.665557861328125,,,
3,2729,,,0.9862152338027954,,,
3,2739,,,0.8850622177124023,,,
3,2749,,,0.6603558659553528,,,
3,2759,,,1.0194936990737915,,,
3,2769,,,0.9256770014762878,,,
3,2779,,,1.1098229885101318,,,
3,2789,,,0.8728474974632263,,,
3,2799,,,0.8421841859817505,,,
3,2809,,,0.954426646232605,,,
3,2815,,,,0.6790000200271606,0.6539561748504639,0.9257771372795105
3,2815,0.6838222146034241,0.9007130861282349,,,,
4,2819,,,1.0773119926452637,,,
4,2829,,,0.790985643863678,,,
4,2839,,,0.8473129868507385,,,
4,2849,,,0.8163765668869019,,,
4,2859,,,0.8997312784194946,,,
4,2869,,,0.7364336252212524,,,
4,2879,,,0.7184810042381287,,,
4,2889,,,1.0176665782928467,,,
4,2899,,,0.8433870673179626,,,
4,2909,,,0.8991109132766724,,,
4,2919,,,0.6930274963378906,,,
4,2929,,,0.7757059931755066,,,
4,2939,,,0.7233738303184509,,,
4,2949,,,0.9280992150306702,,,
4,2959,,,0.7006043195724487,,,
4,2969,,,0.9965774416923523,,,
4,2979,,,0.7507297396659851,,,
4,2989,,,0.782087504863739,,,
4,2999,,,0.7523115873336792,,,
4,3009,,,0.8615756034851074,,,
4,3019,,,0.8063760995864868,,,
4,3029,,,0.7673503756523132,,,
4,3039,,,0.8295915126800537,,,
4,3049,,,0.8701483011245728,,,
4,3059,,,0.8805795907974243,,,
4,3069,,,0.9065818786621094,,,
4,3079,,,0.9009625911712646,,,
4,3089,,,0.7283498048782349,,,
4,3099,,,0.6887259483337402,,,
4,3109,,,0.9657875895500183,,,
4,3119,,,0.5672236084938049,,,
4,3129,,,0.7559314370155334,,,
4,3139,,,0.8207640647888184,,,
4,3149,,,0.7034291625022888,,,
4,3159,,,1.3113375902175903,,,
4,3169,,,0.8437878489494324,,,
4,3179,,,0.9691803455352783,,,
4,3189,,,0.8785617351531982,,,
4,3199,,,0.8085851669311523,,,
4,3209,,,0.7021031379699707,,,
4,3219,,,0.8794028759002686,,,
4,3229,,,0.7835487127304077,,,
4,3239,,,0.8094193935394287,,,
4,3249,,,0.8752151727676392,,,
4,3259,,,0.7865034341812134,,,
4,3269,,,0.7720504403114319,,,
4,3279,,,0.8103222250938416,,,
4,3289,,,0.9477092027664185,,,
4,3299,,,0.7992938756942749,,,
4,3309,,,1.0476382970809937,,,
4,3319,,,0.8313168883323669,,,
4,3329,,,0.7306548953056335,,,
4,3339,,,1.05845046043396,,,
4,3349,,,0.8646432757377625,,,
4,3359,,,1.0335718393325806,,,
4,3369,,,0.7431966662406921,,,
4,3379,,,0.8370920419692993,,,
4,3389,,,0.7393087148666382,,,
4,3399,,,0.9371860027313232,,,
4,3409,,,0.7226795554161072,,,
4,3419,,,0.8310406804084778,,,
4,3429,,,1.0430947542190552,,,
4,3439,,,0.8601396083831787,,,
4,3449,,,0.674932599067688,,,
4,3459,,,0.9106333255767822,,,
4,3469,,,1.1255497932434082,,,
4,3479,,,1.013149380683899,,,
4,3489,,,0.7611695528030396,,,
4,3499,,,0.7333878874778748,,,
4,3509,,,0.835852324962616,,,
4,3519,,,0.29358863830566406,,,
4,3519,,,,0.6832000017166138,0.6621506214141846,0.8910030126571655
4,3519,0.6984888911247253,0.8555685877799988,,,,
5,3529,,,0.7263221144676208,,,
5,3539,,,0.672613263130188,,,
5,3549,,,0.6689788103103638,,,
5,3559,,,0.7819981575012207,,,
5,3569,,,0.9468967914581299,,,
5,3579,,,1.1034066677093506,,,
5,3589,,,0.7531656622886658,,,
5,3599,,,0.7201516032218933,,,
5,3609,,,0.8372048139572144,,,
5,3619,,,0.6806499361991882,,,
5,3629,,,0.8284592032432556,,,
5,3639,,,0.7254855632781982,,,
5,3649,,,0.8183966875076294,,,
5,3659,,,0.8288455605506897,,,
5,3669,,,0.7565844058990479,,,
5,3679,,,1.2507081031799316,,,
5,3689,,,0.8217765688896179,,,
5,3699,,,1.0051215887069702,,,
5,3709,,,0.6098310947418213,,,
5,3719,,,0.7547256350517273,,,
5,3729,,,0.6056818962097168,,,
5,3739,,,0.9056078195571899,,,
5,3749,,,0.856549084186554,,,
5,3759,,,0.8305270075798035,,,
5,3769,,,1.0218385457992554,,,
5,3779,,,0.7428162693977356,,,
5,3789,,,0.8906108140945435,,,
5,3799,,,0.8266609311103821,,,
5,3809,,,0.8315730094909668,,,
5,3819,,,0.9271343350410461,,,
5,3829,,,0.9181176424026489,,,
5,3839,,,0.8062695264816284,,,
5,3849,,,0.7137802839279175,,,
5,3859,,,1.0268375873565674,,,
5,3869,,,0.8474444150924683,,,
5,3879,,,0.8922477960586548,,,
5,3889,,,0.7597658634185791,,,
5,3899,,,0.6615819931030273,,,
5,3909,,,0.7315398454666138,,,
5,3919,,,0.9398213028907776,,,
5,3929,,,0.8203908205032349,,,
5,3939,,,0.9948204159736633,,,
5,3949,,,0.7042210102081299,,,
5,3959,,,0.6323012113571167,,,
5,3969,,,0.8058879375457764,,,
5,3979,,,0.7861960530281067,,,
5,3989,,,0.7560020685195923,,,
5,3999,,,1.105766773223877,,,
5,4009,,,0.8301764726638794,,,
5,4019,,,0.945052981376648,,,
5,4029,,,0.8468608856201172,,,
5,4039,,,0.660354495048523,,,
5,4049,,,0.8786281943321228,,,
5,4059,,,0.8313262462615967,,,
5,4069,,,0.9118541479110718,,,
5,4079,,,1.0246858596801758,,,
5,4089,,,0.829491376876831,,,
5,4099,,,0.8447936773300171,,,
5,4109,,,0.6593573093414307,,,
5,4119,,,0.8658310174942017,,,
5,4129,,,0.7061076164245605,,,
5,4139,,,1.016217589378357,,,
5,4149,,,0.6098653078079224,,,
5,4159,,,0.6948816776275635,,,
5,4169,,,0.9516276121139526,,,
5,4179,,,0.7223373651504517,,,
5,4189,,,0.7824481129646301,,,
5,4199,,,0.7067486047744751,,,
5,4209,,,0.7841100096702576,,,
5,4219,,,0.7008498311042786,,,
5,4223,,,,0.7059999704360962,0.6851443648338318,0.8435065150260925
5,4223,0.7130666375160217,0.8153986930847168,,,,
6,4229,,,0.8716897964477539,,,
6,4239,,,0.6293596029281616,,,
6,4249,,,0.8946784138679504,,,
6,4259,,,0.6654355525970459,,,
6,4269,,,0.9227545261383057,,,
6,4279,,,0.7162351608276367,,,
6,4289,,,0.8715894818305969,,,
6,4299,,,0.8662824630737305,,,
6,4309,,,0.6714290380477905,,,
6,4319,,,0.8367016911506653,,,
6,4329,,,0.808702290058136,,,
6,4339,,,1.0180516242980957,,,
6,4349,,,0.8598980903625488,,,
6,4359,,,0.7691980600357056,,,
6,4369,,,0.6337727308273315,,,
6,4379,,,0.760296106338501,,,
6,4389,,,0.8147033452987671,,,
6,4399,,,0.8018932342529297,,,
6,4409,,,0.9153776168823242,,,
6,4419,,,0.9608718752861023,,,
6,4429,,,0.6942158937454224,,,
6,4439,,,0.7828025817871094,,,
6,4449,,,0.8897702693939209,,,
6,4459,,,0.6594966053962708,,,
6,4469,,,0.8269983530044556,,,
6,4479,,,0.9144138693809509,,,
6,4489,,,0.929186999797821,,,
6,4499,,,1.0315518379211426,,,
6,4509,,,0.7493338584899902,,,
6,4519,,,0.6170653104782104,,,
6,4529,,,0.9761769771575928,,,
6,4539,,,0.766710638999939,,,
6,4549,,,0.8657373189926147,,,
6,4559,,,0.7179194688796997,,,
6,4569,,,0.5512083768844604,,,
6,4579,,,0.8069881200790405,,,
6,4589,,,1.02458655834198,,,
6,4599,,,0.8580091595649719,,,
6,4609,,,0.5233506560325623,,,
6,4619,,,0.873048722743988,,,
6,4629,,,0.8932599425315857,,,
6,4639,,,0.9598162174224854,,,
6,4649,,,0.7208281755447388,,,
6,4659,,,0.785860538482666,,,
6,4669,,,0.775343656539917,,,
6,4679,,,0.7196900844573975,,,
6,4689,,,0.6523098945617676,,,
6,4699,,,0.7673428654670715,,,
6,4709,,,0.7028605937957764,,,
6,4719,,,1.1323459148406982,,,
6,4729,,,0.6350219249725342,,,
6,4739,,,0.882667064666748,,,
6,4749,,,0.7091777324676514,,,
6,4759,,,0.5844610929489136,,,
6,4769,,,0.5473303198814392,,,
6,4779,,,0.8951690196990967,,,
6,4789,,,0.8242841958999634,,,
6,4799,,,0.7452369928359985,,,
6,4809,,,0.8114690780639648,,,
6,4819,,,0.8906533718109131,,,
6,4829,,,0.6817972660064697,,,
6,4839,,,0.9368209838867188,,,
6,4849,,,0.8384486436843872,,,
6,4859,,,0.5167514085769653,,,
6,4869,,,0.7866261601448059,,,
6,4879,,,0.7624194025993347,,,
6,4889,,,0.7627967596054077,,,
6,4899,,,0.8245148658752441,,,
6,4909,,,0.6872357130050659,,,
6,4919,,,0.6044597625732422,,,
6,4927,,,,0.7110000252723694,0.6923718452453613,0.8277015686035156
6,4927,0.725422203540802,0.7818940281867981,,,,
7,4929,,,0.7081031203269958,,,
7,4939,,,0.6200829148292542,,,
7,4949,,,0.8810546398162842,,,
7,4959,,,0.5987974405288696,,,
7,4969,,,0.8225751519203186,,,
7,4979,,,0.8829692602157593,,,
7,4989,,,0.8028180599212646,,,
7,4999,,,0.6643385291099548,,,
7,5009,,,0.7167861461639404,,,
7,5019,,,0.880318820476532,,,
7,5029,,,0.7039041519165039,,,
7,5039,,,0.7351194620132446,,,
7,5049,,,0.9189965128898621,,,
7,5059,,,0.6519562005996704,,,
7,5069,,,0.6680512428283691,,,
7,5079,,,0.9019820690155029,,,
7,5089,,,0.8171857595443726,,,
7,5099,,,0.7308056354522705,,,
7,5109,,,0.6166666746139526,,,
7,5119,,,0.7624121904373169,,,
7,5129,,,0.6902166604995728,,,
7,5139,,,0.7786892056465149,,,
7,5149,,,0.6860690116882324,,,
7,5159,,,0.7530512809753418,,,
7,5169,,,0.816030740737915,,,
7,5179,,,0.8125592470169067,,,
7,5189,,,0.7928495407104492,,,
7,5199,,,0.8569351434707642,,,
7,5209,,,0.8416916131973267,,,
7,5219,,,1.017403244972229,,,
7,5229,,,0.7817122936248779,,,
7,5239,,,0.8161089420318604,,,
7,5249,,,0.7752817869186401,,,
7,5259,,,1.0614681243896484,,,
7,5269,,,0.8464009165763855,,,
7,5279,,,0.6337707042694092,,,
7,5289,,,0.6897263526916504,,,
7,5299,,,0.9424251317977905,,,
7,5309,,,0.6279114484786987,,,
7,5319,,,0.6520412564277649,,,
7,5329,,,0.6358926892280579,,,
7,5339,,,0.6495223641395569,,,
7,5349,,,0.725515604019165,,,
7,5359,,,0.7253009080886841,,,
7,5369,,,0.7715121507644653,,,
7,5379,,,0.5888043642044067,,,
7,5389,,,0.7812843322753906,,,
7,5399,,,0.9834638237953186,,,
7,5409,,,0.7143864035606384,,,
7,5419,,,0.8355135321617126,,,
7,5429,,,0.9137879014015198,,,
7,5439,,,0.9383927583694458,,,
7,5449,,,0.5634027123451233,,,
7,5459,,,0.6946191191673279,,,
7,5469,,,0.8188749551773071,,,
7,5479,,,0.5761488080024719,,,
7,5489,,,0.7310720682144165,,,
7,5499,,,1.0772719383239746,,,
7,5509,,,0.8394246101379395,,,
7,5519,,,0.8710420727729797,,,
7,5529,,,0.6457027196884155,,,
7,5539,,,0.863799512386322,,,
7,5549,,,0.9068020582199097,,,
7,5559,,,0.7353336811065674,,,
7,5569,,,0.8494813442230225,,,
7,5579,,,0.6278132200241089,,,
7,5589,,,0.7171347141265869,,,
7,5599,,,0.8526667356491089,,,
7,5609,,,0.6927435398101807,,,
7,5619,,,0.8179929852485657,,,
7,5629,,,0.679945707321167,,,
7,5631,,,,0.6962000131607056,0.6818771362304688,0.9001371264457703
7,5631,0.7351111173629761,0.75001060962677,,,,
8,5639,,,0.6602340936660767,,,
8,5649,,,0.6783852577209473,,,
8,5659,,,0.6790453791618347,,,
8,5669,,,0.7841002941131592,,,
8,5679,,,0.5681833624839783,,,
8,5689,,,0.4948732852935791,,,
8,5699,,,0.6802622079849243,,,
8,5709,,,0.8966176509857178,,,
8,5719,,,0.6305211782455444,,,
8,5729,,,0.8081725239753723,,,
8,5739,,,0.5204258561134338,,,
8,5749,,,0.6831887364387512,,,
8,5759,,,0.6755863428115845,,,
8,5769,,,0.6316051483154297,,,
8,5779,,,0.558452844619751,,,
8,5789,,,0.531779944896698,,,
8,5799,,,0.8572533130645752,,,
8,5809,,,0.733535647392273,,,
8,5819,,,0.9197956323623657,,,
8,5829,,,0.5591543912887573,,,
8,5839,,,0.7942705154418945,,,
8,5849,,,0.4685840606689453,,,
8,5859,,,0.6176337003707886,,,
8,5869,,,0.6859244108200073,,,
8,5879,,,0.723613977432251,,,
8,5889,,,0.8112839460372925,,,
8,5899,,,0.7129534482955933,,,
8,5909,,,0.5269670486450195,,,
8,5919,,,0.6603811979293823,,,
8,5929,,,0.9120122194290161,,,
8,5939,,,0.6565005779266357,,,
8,5949,,,0.8619369268417358,,,
8,5959,,,0.7685832977294922,,,
8,5969,,,0.8337545394897461,,,
8,5979,,,0.9130110144615173,,,
8,5989,,,0.6920408606529236,,,
8,5999,,,0.6848026514053345,,,
8,6009,,,0.7160974740982056,,,
8,6019,,,0.72898930311203,,,
8,6029,,,0.68462073802948,,,
8,6039,,,0.8326541185379028,,,
8,6049,,,0.5108343958854675,,,
8,6059,,,0.969639003276825,,,
8,6069,,,0.7172951698303223,,,
8,6079,,,0.8340077996253967,,,
8,6089,,,0.6491796970367432,,,
8,6099,,,0.808249831199646,,,
8,6109,,,0.9647621512413025,,,
8,6119,,,0.687591552734375,,,
8,6129,,,0.8180368542671204,,,
8,6139,,,0.6108922958374023,,,
8,6149,,,0.8502140641212463,,,
8,6159,,,0.4659753441810608,,,
8,6169,,,0.6472208499908447,,,
8,6179,,,0.705196738243103,,,
8,6189,,,0.6366855502128601,,,
8,6199,,,0.7322776317596436,,,
8,6209,,,0.7552743554115295,,,
8,6219,,,0.5980944633483887,,,
8,6229,,,0.6097139120101929,,,
8,6239,,,0.7337567806243896,,,
8,6249,,,0.6340059041976929,,,
8,6259,,,1.0147778987884521,,,
8,6269,,,0.5618413686752319,,,
8,6279,,,0.6875158548355103,,,
8,6289,,,0.7414231300354004,,,
8,6299,,,0.8614076375961304,,,
8,6309,,,0.8671092391014099,,,
8,6319,,,0.6729178428649902,,,
8,6329,,,0.5783010125160217,,,
8,6335,,,,0.7121999859809875,0.6930826902389526,0.8450904488563538
8,6335,0.7449111342430115,0.7181749939918518,,,,
9,6339,,,0.6294068098068237,,,
9,6349,,,0.6505843997001648,,,
9,6359,,,0.64339280128479,,,
9,6369,,,0.5833297967910767,,,
9,6379,,,0.5338865518569946,,,
9,6389,,,0.6044620275497437,,,
9,6399,,,0.6907109022140503,,,
9,6409,,,0.7051429152488708,,,
9,6419,,,0.6743382215499878,,,
9,6429,,,0.6844595074653625,,,
9,6439,,,0.832199215888977,,,
9,6449,,,0.740842342376709,,,
9,6459,,,0.6804845333099365,,,
9,6469,,,0.6208879351615906,,,
9,6479,,,0.6001083850860596,,,
9,6489,,,0.6909307241439819,,,
9,6499,,,0.6755391359329224,,,
9,6509,,,0.6801280975341797,,,
9,6519,,,0.9396255016326904,,,
9,6529,,,0.6758242249488831,,,
9,6539,,,0.8873246908187866,,,
9,6549,,,0.7804195284843445,,,
9,6559,,,0.7462522983551025,,,
9,6569,,,0.6224433183670044,,,
9,6579,,,0.6695709228515625,,,
9,6589,,,0.605731189250946,,,
9,6599,,,0.6511914730072021,,,
9,6609,,,0.6611074805259705,,,
9,6619,,,0.8830310106277466,,,
9,6629,,,0.8613483309745789,,,
9,6639,,,0.6415718793869019,,,
9,6649,,,0.5309950113296509,,,
9,6659,,,0.7345618009567261,,,
9,6669,,,0.8057909607887268,,,
9,6679,,,0.5730503797531128,,,
9,6689,,,0.6562628746032715,,,
9,6699,,,0.7448856830596924,,,
9,6709,,,0.592326283454895,,,
9,6719,,,0.7044812440872192,,,
9,6729,,,0.7443205714225769,,,
9,6739,,,0.6480494141578674,,,
9,6749,,,0.842530369758606,,,
9,6759,,,0.7323505282402039,,,
9,6769,,,0.8088006377220154,,,
9,6779,,,0.6223393678665161,,,
9,6789,,,0.6137206554412842,,,
9,6799,,,0.720506489276886,,,
9,6809,,,0.8436112999916077,,,
9,6819,,,0.7174761891365051,,,
9,6829,,,0.7155541181564331,,,
9,6839,,,0.8156566619873047,,,
9,6849,,,0.8174887895584106,,,
9,6859,,,0.7215055823326111,,,
9,6869,,,0.8351178169250488,,,
9,6879,,,0.8659399151802063,,,
9,6889,,,0.8338969945907593,,,
9,6899,,,0.517591655254364,,,
9,6909,,,0.720073401927948,,,
9,6919,,,0.5905541181564331,,,
9,6929,,,0.8053314089775085,,,
9,6939,,,0.4543987512588501,,,
9,6949,,,0.8274195194244385,,,
9,6959,,,0.9402293562889099,,,
9,6969,,,0.6182097792625427,,,
9,6979,,,0.8246147632598877,,,
9,6989,,,0.6330905556678772,,,
9,6999,,,0.8619698286056519,,,
9,7009,,,0.5685425996780396,,,
9,7019,,,0.6322484016418457,,,
9,7029,,,0.7949144244194031,,,
9,7039,,,0.7055778503417969,,,
9,7039,,,,0.7206000089645386,0.702189564704895,0.801860511302948
9,7039,0.7511110901832581,0.7010139226913452,,,,
10,7049,,,0.546790361404419,,,
10,7059,,,0.7028427720069885,,,
10,7069,,,0.5603988170623779,,,
10,7079,,,0.5527507066726685,,,
10,7089,,,0.5616323351860046,,,
10,7099,,,0.8511927127838135,,,
10,7109,,,0.8202038407325745,,,
10,7119,,,0.5600631833076477,,,
10,7129,,,0.7866744995117188,,,
10,7139,,,0.7406920194625854,,,
10,7149,,,0.6212902069091797,,,
10,7159,,,0.43215590715408325,,,
10,7169,,,0.7373398542404175,,,
10,7179,,,0.43929582834243774,,,
10,7189,,,0.5194888114929199,,,
10,7199,,,0.5269812941551208,,,
10,7209,,,0.5345364809036255,,,
10,7219,,,0.6535946130752563,,,
10,7229,,,0.4365414083003998,,,
10,7239,,,0.781548261642456,,,
10,7249,,,0.6240310668945312,,,
10,7259,,,0.5907934904098511,,,
10,7269,,,0.4807817041873932,,,
10,7279,,,0.7970126271247864,,,
10,7289,,,0.613944947719574,,,
10,7299,,,0.6005753874778748,,,
10,7309,,,0.5070227384567261,,,
10,7319,,,0.8097920417785645,,,
10,7329,,,0.7063388824462891,,,
10,7339,,,0.5998355746269226,,,
10,7349,,,0.602454423904419,,,
10,7359,,,0.7353416681289673,,,
10,7369,,,0.9748700857162476,,,
10,7379,,,0.6479683518409729,,,
10,7389,,,0.7645604610443115,,,
10,7399,,,0.6244877576828003,,,
10,7409,,,0.6311538815498352,,,
10,7419,,,0.6311585903167725,,,
10,7429,,,0.6575590372085571,,,
10,7439,,,0.7161325216293335,,,
10,7449,,,0.8523138165473938,,,
10,7459,,,0.5234304070472717,,,
10,7469,,,0.7354843616485596,,,
10,7479,,,0.7339676022529602,,,
10,7489,,,0.8161553740501404,,,
10,7499,,,0.7197803258895874,,,
10,7509,,,0.7263796329498291,,,
10,7519,,,0.6146712899208069,,,
10,7529,,,0.8483879566192627,,,
10,7539,,,0.7794671058654785,,,
10,7549,,,0.5118178129196167,,,
10,7559,,,0.7150753736495972,,,
10,7569,,,0.7845579385757446,,,
10,7579,,,0.6218737363815308,,,
10,7589,,,0.6302535533905029,,,
10,7599,,,0.6791253089904785,,,
10,7609,,,0.659561038017273,,,
10,7619,,,0.7195844054222107,,,
10,7629,,,0.6262962222099304,,,
10,7639,,,0.6580991744995117,,,
10,7649,,,0.6704270839691162,,,
10,7659,,,0.7924691438674927,,,
10,7669,,,0.7362911701202393,,,
10,7679,,,0.7321939468383789,,,
10,7689,,,0.6087372899055481,,,
10,7699,,,0.8704613447189331,,,
10,7709,,,0.7718555927276611,,,
10,7719,,,0.6328229904174805,,,
10,7729,,,0.7056286334991455,,,
10,7739,,,0.4999914765357971,,,
10,7743,,,,0.7193999886512756,0.7007787823677063,0.8195577263832092
10,7743,0.7593111395835876,0.6773346066474915,,,,
11,7749,,,0.6260269284248352,,,
11,7759,,,0.5906295776367188,,,
11,7769,,,0.5785459280014038,,,
11,7779,,,0.5869743824005127,,,
11,7789,,,0.6441655158996582,,,
11,7799,,,0.48128801584243774,,,
11,7809,,,0.6083806753158569,,,
11,7819,,,0.5698865056037903,,,
11,7829,,,0.6219217777252197,,,
11,7839,,,0.6588379740715027,,,
11,7849,,,0.6689445972442627,,,
11,7859,,,0.42574673891067505,,,
11,7869,,,0.44632798433303833,,,
11,7879,,,0.5380052328109741,,,
11,7889,,,0.5045286417007446,,,
11,7899,,,0.636463463306427,,,
11,7909,,,0.7972595691680908,,,
11,7919,,,0.674170970916748,,,
11,7929,,,0.6400403380393982,,,
11,7939,,,0.6319700479507446,,,
11,7949,,,0.6251496076583862,,,
11,7959,,,0.8245609402656555,,,
11,7969,,,0.6154072284698486,,,
11,7979,,,0.9788734316825867,,,
11,7989,,,0.5566917657852173,,,
11,7999,,,0.6194871664047241,,,
11,8009,,,0.6624404191970825,,,
11,8019,,,0.6229997873306274,,,
11,8029,,,0.7004603147506714,,,
11,8039,,,0.7802313566207886,,,
11,8049,,,0.5788310766220093,,,
11,8059,,,0.8266170620918274,,,
11,8069,,,0.6791383028030396,,,
11,8079,,,0.5984326004981995,,,
11,8089,,,0.8109781742095947,,,
11,8099,,,0.7615651488304138,,,
11,8109,,,0.7661004066467285,,,
11,8119,,,0.3635326027870178,,,
11,8129,,,0.8033115267753601,,,
11,8139,,,0.6505997180938721,,,
11,8149,,,0.5859524011611938,,,
11,8159,,,0.8066754341125488,,,
11,8169,,,0.5631831884384155,,,
11,8179,,,0.7236096262931824,,,
11,8189,,,0.6569474935531616,,,
11,8199,,,0.7355933785438538,,,
11,8209,,,0.5370351076126099,,,
11,8219,,,0.7855409383773804,,,
11,8229,,,0.7230626344680786,,,
11,8239,,,0.5421398282051086,,,
11,8249,,,0.7515778541564941,,,
11,8259,,,0.5955632925033569,,,
11,8269,,,0.4904187321662903,,,
11,8279,,,0.5672734379768372,,,
11,8289,,,0.7706183195114136,,,
11,8299,,,0.7690954208374023,,,
11,8309,,,0.7573151588439941,,,
11,8319,,,0.5111871957778931,,,
11,8329,,,0.7851192355155945,,,
11,8339,,,0.9065256714820862,,,
11,8349,,,0.5558574199676514,,,
11,8359,,,0.4957825541496277,,,
11,8369,,,0.6175763010978699,,,
11,8379,,,0.5328417420387268,,,
11,8389,,,0.5370708703994751,,,
11,8399,,,0.7014209628105164,,,
11,8409,,,0.5988959074020386,,,
11,8419,,,0.7745016813278198,,,
11,8429,,,0.8334234356880188,,,
11,8439,,,0.5497967600822449,,,
11,8447,,,,0.734000027179718,0.7161340117454529,0.8079403042793274
11,8447,0.7678444385528564,0.654219925403595,,,,
12,8449,,,0.5089461207389832,,,
12,8459,,,0.6570447683334351,,,
12,8469,,,0.7008507251739502,,,
12,8479,,,0.6449865102767944,,,
12,8489,,,0.5994799733161926,,,
12,8499,,,0.5419988036155701,,,
12,8509,,,0.5664474964141846,,,
12,8519,,,0.727435827255249,,,
12,8529,,,0.6730073690414429,,,
12,8539,,,0.89159095287323,,,
12,8549,,,0.515311598777771,,,
12,8559,,,0.6622182130813599,,,
12,8569,,,0.5346534848213196,,,
12,8579,,,0.7823343873023987,,,
12,8589,,,0.6240681409835815,,,
12,8599,,,0.732219934463501,,,
12,8609,,,0.7169254422187805,,,
12,8619,,,0.687035322189331,,,
12,8629,,,0.5328339338302612,,,
12,8639,,,0.6414992809295654,,,
12,8649,,,0.6896283626556396,,,
12,8659,,,0.7482759952545166,,,
12,8669,,,0.5813455581665039,,,
12,8679,,,0.7049914598464966,,,
12,8689,,,0.7488579750061035,,,
12,8699,,,0.6238524317741394,,,
12,8709,,,0.7852015495300293,,,
12,8719,,,0.7923381328582764,,,
12,8729,,,0.6386278867721558,,,
12,8739,,,0.7934093475341797,,,
12,8749,,,0.6850070953369141,,,
12,8759,,,0.5945372581481934,,,
12,8769,,,0.8705886602401733,,,
12,8779,,,0.47424423694610596,,,
12,8789,,,0.5031822323799133,,,
12,8799,,,0.5358344316482544,,,
12,8809,,,0.4201502203941345,,,
12,8819,,,0.5461903214454651,,,
12,8829,,,0.6763390302658081,,,
12,8839,,,0.6185542345046997,,,
12,8849,,,0.5997951030731201,,,
12,8859,,,0.8359997272491455,,,
12,8869,,,0.7269700169563293,,,
12,8879,,,0.6207590699195862,,,
12,8889,,,0.7706400156021118,,,
12,8899,,,0.7177454829216003,,,
12,8909,,,0.48948103189468384,,,
12,8919,,,0.6738911271095276,,,
12,8929,,,0.5103034973144531,,,
12,8939,,,0.693572998046875,,,
12,8949,,,0.6522119641304016,,,
12,8959,,,0.7089307308197021,,,
12,8969,,,0.6979012489318848,,,
12,8979,,,0.583256721496582,,,
12,8989,,,0.5776806473731995,,,
12,8999,,,0.6911118030548096,,,
12,9009,,,0.5905237197875977,,,
12,9019,,,0.6382632851600647,,,
12,9029,,,0.6547844409942627,,,
12,9039,,,0.6483783721923828,,,
12,9049,,,0.6340466737747192,,,
12,9059,,,0.5167099237442017,,,
12,9069,,,0.5933114886283875,,,
12,9079,,,0.8194023370742798,,,
12,9089,,,0.8632434010505676,,,
12,9099,,,0.7631449699401855,,,
12,9109,,,0.5383003354072571,,,
12,9119,,,0.6630325317382812,,,
12,9129,,,0.7551766633987427,,,
12,9139,,,0.6255937814712524,,,
12,9149,,,0.7330799698829651,,,
12,9151,,,,0.7287999987602234,0.7142044901847839,0.8014172911643982
12,9151,0.7742000222206116,0.6356819272041321,,,,
13,9159,,,0.5918382406234741,,,
13,9169,,,0.771369457244873,,,
13,9179,,,0.5473893880844116,,,
13,9189,,,0.5018506050109863,,,
13,9199,,,0.603156328201294,,,
13,9209,,,1.0426121950149536,,,
13,9219,,,0.5755659341812134,,,
13,9229,,,0.4435792565345764,,,
13,9239,,,0.46630316972732544,,,
13,9249,,,0.5422734618186951,,,
13,9259,,,0.6592541933059692,,,
13,9269,,,0.6633110642433167,,,
13,9279,,,0.5398390293121338,,,
13,9289,,,0.3848864436149597,,,
13,9299,,,0.5632311701774597,,,
13,9309,,,0.5557565689086914,,,
13,9319,,,0.7417764663696289,,,
13,9329,,,0.7430459856987,,,
13,9339,,,0.527375340461731,,,
13,9349,,,0.5380288362503052,,,
13,9359,,,0.5029098987579346,,,
13,9369,,,0.7469775676727295,,,
13,9379,,,0.7371386885643005,,,
13,9389,,,0.5446035861968994,,,
13,9399,,,0.6253225803375244,,,
13,9409,,,0.5618944764137268,,,
13,9419,,,0.5695878267288208,,,
13,9429,,,0.6101470589637756,,,
13,9439,,,0.7302218675613403,,,
13,9449,,,0.5332132577896118,,,
13,9459,,,0.8161826729774475,,,
13,9469,,,0.5318401455879211,,,
13,9479,,,0.5899460911750793,,,
13,9489,,,0.6620150804519653,,,
13,9499,,,0.8186177015304565,,,
13,9509,,,0.7523978352546692,,,
13,9519,,,0.757125973701477,,,
13,9529,,,0.5854496359825134,,,
13,9539,,,0.7446092963218689,,,
13,9549,,,0.5739196538925171,,,
13,9559,,,0.6704719066619873,,,
13,9569,,,0.5794283151626587,,,
13,9579,,,0.6764544248580933,,,
13,9589,,,0.6780898571014404,,,
13,9599,,,0.5772667527198792,,,
13,9609,,,0.49828284978866577,,,
13,9619,,,0.5617508888244629,,,
13,9629,,,0.7272913455963135,,,
13,9639,,,0.4820367097854614,,,
13,9649,,,0.6007331013679504,,,
13,9659,,,0.5281537771224976,,,
13,9669,,,0.5048297047615051,,,
13,9679,,,0.3889116942882538,,,
13,9689,,,0.5093597769737244,,,
13,9699,,,0.8611592054367065,,,
13,9709,,,0.7401918768882751,,,
13,9719,,,0.7536936402320862,,,
13,9729,,,0.49190956354141235,,,
13,9739,,,0.5632468461990356,,,
13,9749,,,0.7035140991210938,,,
13,9759,,,0.8490809202194214,,,
13,9769,,,0.71644526720047,,,
13,9779,,,0.7314457893371582,,,
13,9789,,,0.6738111972808838,,,
13,9799,,,0.5697060823440552,,,
13,9809,,,0.8141089081764221,,,
13,9819,,,0.8857146501541138,,,
13,9829,,,0.6047859191894531,,,
13,9839,,,0.8100602626800537,,,
13,9849,,,0.4504660964012146,,,
13,9855,,,,0.7269999980926514,0.7083020210266113,0.8075851798057556
13,9855,0.7815555334091187,0.6162649989128113,,,,
14,9859,,,0.5939362645149231,,,
14,9869,,,0.4973301291465759,,,
14,9879,,,0.72685307264328,,,
14,9889,,,0.39641427993774414,,,
14,9899,,,0.5528311729431152,,,
14,9909,,,0.5566803812980652,,,
14,9919,,,0.47570762038230896,,,
14,9929,,,0.5794562697410583,,,
14,9939,,,0.7239193916320801,,,
14,9949,,,0.6256365776062012,,,
14,9959,,,0.7596753835678101,,,
14,9969,,,0.4890751838684082,,,
14,9979,,,0.5004135370254517,,,
14,9989,,,0.5103556513786316,,,
14,9999,,,0.47811359167099,,,
14,10009,,,0.6915614604949951,,,
14,10019,,,0.6830254793167114,,,
14,10029,,,0.5210938453674316,,,
14,10039,,,0.5041402578353882,,,
14,10049,,,0.6759623289108276,,,
14,10059,,,0.5651113986968994,,,
14,10069,,,0.6662476062774658,,,
14,10079,,,0.4451736509799957,,,
14,10089,,,0.37416595220565796,,,
14,10099,,,0.7141978144645691,,,
14,10109,,,0.6426604390144348,,,
14,10119,,,0.6414230465888977,,,
14,10129,,,0.5589010715484619,,,
14,10139,,,0.6447315216064453,,,
14,10149,,,0.540824294090271,,,
14,10159,,,0.7822033762931824,,,
14,10169,,,0.5717857480049133,,,
14,10179,,,0.6674686670303345,,,
14,10189,,,0.46217119693756104,,,
14,10199,,,0.629307746887207,,,
14,10209,,,0.5629686117172241,,,
14,10219,,,0.6114211678504944,,,
14,10229,,,0.6819946765899658,,,
14,10239,,,0.4628639817237854,,,
14,10249,,,0.6130993962287903,,,
14,10259,,,0.421273797750473,,,
14,10269,,,0.5702863335609436,,,
14,10279,,,0.6630628108978271,,,
14,10289,,,0.6138420104980469,,,
14,10299,,,0.7512891292572021,,,
14,10309,,,0.38923361897468567,,,
14,10319,,,0.8338861465454102,,,
14,10329,,,0.6146842241287231,,,
14,10339,,,0.52828049659729,,,
14,10349,,,0.6972739100456238,,,
14,10359,,,0.6846868991851807,,,
14,10369,,,0.7850155830383301,,,
14,10379,,,0.5767205953598022,,,
14,10389,,,0.5810179710388184,,,
14,10399,,,0.7287910580635071,,,
14,10409,,,0.47888562083244324,,,
14,10419,,,0.6408548951148987,,,
14,10429,,,0.5787926316261292,,,
14,10439,,,0.42002516984939575,,,
14,10449,,,0.8992670178413391,,,
14,10459,,,0.5795729756355286,,,
14,10469,,,0.8887803554534912,,,
14,10479,,,0.5959941148757935,,,
14,10489,,,0.6489343643188477,,,
14,10499,,,0.49364256858825684,,,
14,10509,,,0.6725311279296875,,,
14,10519,,,0.6180992126464844,,,
14,10529,,,0.49614518880844116,,,
14,10539,,,0.5942815542221069,,,
14,10549,,,0.5771192312240601,,,
14,10559,,,1.5465412139892578,,,
14,10559,,,,0.7343999743461609,0.7177269458770752,0.7884125709533691
14,10559,0.7882444262504578,0.5998929142951965,,,,
15,10569,,,0.7028655409812927,,,
15,10579,,,0.6635011434555054,,,
15,10589,,,0.5519470572471619,,,
15,10599,,,0.512667179107666,,,
15,10609,,,0.3666611313819885,,,
15,10619,,,0.526989221572876,,,
15,10629,,,0.517559289932251,,,
15,10639,,,0.46533048152923584,,,
15,10649,,,0.614425539970398,,,
15,10659,,,0.8121989369392395,,,
15,10669,,,0.4685119688510895,,,
15,10679,,,0.48061591386795044,,,
15,10689,,,0.4882112443447113,,,
15,10699,,,0.6044184565544128,,,
15,10709,,,0.5510251522064209,,,
15,10719,,,0.47213271260261536,,,
15,10729,,,0.7118406295776367,,,
15,10739,,,0.47856587171554565,,,
15,10749,,,0.5094447731971741,,,
15,10759,,,0.6166373491287231,,,
15,10769,,,0.7103110551834106,,,
15,10779,,,0.5127394795417786,,,
15,10789,,,0.48904427886009216,,,
15,10799,,,0.34910380840301514,,,
15,10809,,,0.5902047157287598,,,
15,10819,,,0.7761654853820801,,,
15,10829,,,0.594870924949646,,,
15,10839,,,0.5768111348152161,,,
15,10849,,,0.5261231660842896,,,
15,10859,,,0.6779221296310425,,,
15,10869,,,0.4818243086338043,,,
15,10879,,,0.49521899223327637,,,
15,10889,,,0.6083507537841797,,,
15,10899,,,0.5134286880493164,,,
15,10909,,,0.7164456844329834,,,
15,10919,,,0.4834800660610199,,,
15,10929,,,0.49912622570991516,,,
15,10939,,,0.596596896648407,,,
15,10949,,,0.8847423195838928,,,
15,10959,,,0.7156906127929688,,,
15,10969,,,0.5765954256057739,,,
15,10979,,,0.5202662944793701,,,
15,10989,,,0.6081271767616272,,,
15,10999,,,0.5849646329879761,,,
15,11009,,,0.5210441946983337,,,
15,11019,,,0.5920071601867676,,,
15,11029,,,0.597458004951477,,,
15,11039,,,0.3564304709434509,,,
15,11049,,,0.7436516284942627,,,
15,11059,,,0.8523335456848145,,,
15,11069,,,0.4839071035385132,,,
15,11079,,,0.4085620939731598,,,
15,11089,,,0.6504783630371094,,,
15,11099,,,0.5313583612442017,,,
15,11109,,,0.598631739616394,,,
15,11119,,,0.7213959693908691,,,
15,11129,,,0.4971938133239746,,,
15,11139,,,0.5988653302192688,,,
15,11149,,,0.7544733285903931,,,
15,11159,,,0.5328356027603149,,,
15,11169,,,0.617426335811615,,,
15,11179,,,0.5503405332565308,,,
15,11189,,,0.7314828038215637,,,
15,11199,,,0.4845649302005768,,,
15,11209,,,0.639884352684021,,,
15,11219,,,0.7907320261001587,,,
15,11229,,,0.6736794710159302,,,
15,11239,,,0.6398698091506958,,,
15,11249,,,0.37276744842529297,,,
15,11259,,,0.5902503728866577,,,
15,11263,,,,0.7379999756813049,0.7210854291915894,0.7856160402297974
15,11263,0.7925111055374146,0.5844649076461792,,,,
16,11269,,,0.4062204957008362,,,
16,11279,,,0.6763027906417847,,,
16,11289,,,0.4366123378276825,,,
16,11299,,,0.5999419689178467,,,
16,11309,,,0.6312595009803772,,,
16,11319,,,0.553764820098877,,,
16,11329,,,0.7155605554580688,,,
16,11339,,,0.5686124563217163,,,
16,11349,,,0.4281524121761322,,,
16,11359,,,0.6399253010749817,,,
16,11369,,,0.7077364325523376,,,
16,11379,,,0.49511682987213135,,,
16,11389,,,0.6699531674385071,,,
16,11399,,,0.6308013796806335,,,
16,11409,,,0.3783431649208069,,,
16,11419,,,0.4637906849384308,,,
16,11429,,,0.777321457862854,,,
16,11439,,,0.5417356491088867,,,
16,11449,,,0.7949575781822205,,,
16,11459,,,0.6840331554412842,,,
16,11469,,,0.6629486680030823,,,
16,11479,,,0.5006549954414368,,,
16,11489,,,0.5204074382781982,,,
16,11499,,,0.5204668641090393,,,
16,11509,,,0.40859121084213257,,,
16,11519,,,0.36879056692123413,,,
16,11529,,,0.5748077630996704,,,
16,11539,,,0.36517345905303955,,,
16,11549,,,0.5686874389648438,,,
16,11559,,,0.5353093147277832,,,
16,11569,,,0.5259813070297241,,,
16,11579,,,0.6445465087890625,,,
16,11589,,,0.6262498497962952,,,
16,11599,,,0.5140235424041748,,,
16,11609,,,0.6422760486602783,,,
16,11619,,,0.6260150671005249,,,
16,11629,,,0.4272927939891815,,,
16,11639,,,0.7107808589935303,,,
16,11649,,,0.697029709815979,,,
16,11659,,,0.5080761909484863,,,
16,11669,,,0.5246269702911377,,,
16,11679,,,0.6439247131347656,,,
16,11689,,,0.614075779914856,,,
16,11699,,,0.5184215307235718,,,
16,11709,,,0.6038804054260254,,,
16,11719,,,0.42811319231987,,,
16,11729,,,0.4409077763557434,,,
16,11739,,,0.5495354533195496,,,
16,11749,,,0.6739228963851929,,,
16,11759,,,0.4563128650188446,,,
16,11769,,,0.5803560018539429,,,
16,11779,,,0.6005711555480957,,,
16,11789,,,0.5902891159057617,,,
16,11799,,,0.6911168098449707,,,
16,11809,,,0.5641372203826904,,,
16,11819,,,0.6489301323890686,,,
16,11829,,,0.6523367166519165,,,
16,11839,,,0.4993703365325928,,,
16,11849,,,0.5947418808937073,,,
16,11859,,,0.42161017656326294,,,
16,11869,,,0.6742688417434692,,,
16,11879,,,0.4990091025829315,,,
16,11889,,,0.5358563661575317,,,
16,11899,,,0.5164048671722412,,,
16,11909,,,0.5890288352966309,,,
16,11919,,,0.7747400999069214,,,
16,11929,,,0.5795258283615112,,,
16,11939,,,0.5430099368095398,,,
16,11949,,,0.6201043725013733,,,
16,11959,,,0.3508543372154236,,,
16,11967,,,,0.7342000007629395,0.715897798538208,0.803622305393219
16,11967,0.8006666898727417,0.5679957270622253,,,,
17,11969,,,0.44471675157546997,,,
17,11979,,,0.5037757754325867,,,
17,11989,,,0.45611315965652466,,,
17,11999,,,0.4771341383457184,,,
17,12009,,,0.44196057319641113,,,
17,12019,,,0.4664866626262665,,,
17,12029,,,0.5070815682411194,,,
17,12039,,,0.42062491178512573,,,
17,12049,,,0.530380368232727,,,
17,12059,,,0.5032804012298584,,,
17,12069,,,0.6300893425941467,,,
17,12079,,,0.4765281081199646,,,
17,12089,,,0.6044106483459473,,,
17,12099,,,0.6027281880378723,,,
17,12109,,,0.4553545117378235,,,
17,12119,,,0.5705980062484741,,,
17,12129,,,0.45444196462631226,,,
17,12139,,,0.5732204914093018,,,
17,12149,,,0.4346257746219635,,,
17,12159,,,0.569034218788147,,,
17,12169,,,0.5999813079833984,,,
17,12179,,,0.49376028776168823,,,
17,12189,,,0.7310101389884949,,,
17,12199,,,0.778942883014679,,,
17,12209,,,0.5408766269683838,,,
17,12219,,,0.47630029916763306,,,
17,12229,,,0.7650823593139648,,,
17,12239,,,0.514765739440918,,,
17,12249,,,0.6816953420639038,,,
17,12259,,,0.6969561576843262,,,
17,12269,,,0.4623871445655823,,,
17,12279,,,0.6206361055374146,,,
17,12289,,,0.4918399453163147,,,
17,12299,,,0.6571980118751526,,,
17,12309,,,0.6730935573577881,,,
17,12319,,,0.6937379837036133,,,
17,12329,,,0.41437095403671265,,,
17,12339,,,0.5177395343780518,,,
17,12349,,,0.5326370596885681,,,
17,12359,,,0.6539214849472046,,,
17,12369,,,0.6812454462051392,,,
17,12379,,,0.44326159358024597,,,
17,12389,,,0.6122359037399292,,,
17,12399,,,0.8094764351844788,,,
17,12409,,,0.7966570258140564,,,
17,12419,,,0.7334181070327759,,,
17,12429,,,0.500918447971344,,,
17,12439,,,0.6539909839630127,,,
17,12449,,,0.32780563831329346,,,
17,12459,,,0.6046379804611206,,,
17,12469,,,0.4228672385215759,,,
17,12479,,,0.5011882781982422,,,
17,12489,,,0.4349619746208191,,,
17,12499,,,0.5290263891220093,,,
17,12509,,,0.6886857151985168,,,
17,12519,,,0.8282105922698975,,,
17,12529,,,0.49935680627822876,,,
17,12539,,,0.6762781739234924,,,
17,12549,,,0.5707743167877197,,,
17,12559,,,0.49238473176956177,,,
17,12569,,,0.7676432132720947,,,
17,12579,,,0.5863220691680908,,,
17,12589,,,0.5631351470947266,,,
17,12599,,,0.5922970771789551,,,
17,12609,,,0.5837061405181885,,,
17,12619,,,0.5738043785095215,,,
17,12629,,,0.5225375890731812,,,
17,12639,,,0.572050929069519,,,
17,12649,,,0.38415881991386414,,,
17,12659,,,0.4992132782936096,,,
17,12669,,,0.6063767075538635,,,
17,12671,,,,0.7307999730110168,0.7139918208122253,0.8061586022377014
17,12671,0.804111123085022,0.5572807788848877,,,,
18,12679,,,0.5039830803871155,,,
18,12689,,,0.47747811675071716,,,
18,12699,,,0.4194920063018799,,,
18,12709,,,0.5098021030426025,,,
18,12719,,,0.48491549491882324,,,
18,12729,,,0.6397155523300171,,,
18,12739,,,0.45940399169921875,,,
18,12749,,,0.6493972539901733,,,
18,12759,,,0.6983668804168701,,,
18,12769,,,0.3798961341381073,,,
18,12779,,,0.4933076798915863,,,
18,12789,,,0.6949184536933899,,,
18,12799,,,0.5947707891464233,,,
18,12809,,,0.6045896410942078,,,
18,12819,,,0.5389227271080017,,,
18,12829,,,0.47507035732269287,,,
18,12839,,,0.6137785911560059,,,
18,12849,,,0.3256145417690277,,,
18,12859,,,0.4130744934082031,,,
18,12869,,,0.5886495113372803,,,
18,12879,,,0.5854520201683044,,,
18,12889,,,0.38847649097442627,,,
18,12899,,,0.7593024969100952,,,
18,12909,,,0.5393252968788147,,,
18,12919,,,0.4467127323150635,,,
18,12929,,,0.7362977266311646,,,
18,12939,,,0.5601109266281128,,,
18,12949,,,0.5780782699584961,,,
18,12959,,,0.42527085542678833,,,
18,12969,,,0.5758404731750488,,,
18,12979,,,0.6019812822341919,,,
18,12989,,,0.3932528793811798,,,
18,12999,,,0.6194291114807129,,,
18,13009,,,0.5657554864883423,,,
18,13019,,,0.6912901401519775,,,
18,13029,,,0.5734663009643555,,,
18,13039,,,0.648052453994751,,,
18,13049,,,0.6783077120780945,,,
18,13059,,,0.47971591353416443,,,
18,13069,,,0.6427971124649048,,,
18,13079,,,0.5527148246765137,,,
18,13089,,,0.48968684673309326,,,
18,13099,,,0.6882432699203491,,,
18,13109,,,0.5668644905090332,,,
18,13119,,,0.3879573345184326,,,
18,13129,,,0.6415558457374573,,,
18,13139,,,0.7055372595787048,,,
18,13149,,,0.5020642280578613,,,
18,13159,,,0.3902800679206848,,,
18,13169,,,0.4980250895023346,,,
18,13179,,,0.4259055256843567,,,
18,13189,,,0.7140512466430664,,,
18,13199,,,0.5777752995491028,,,
18,13209,,,0.3942369222640991,,,
18,13219,,,0.4787258505821228,,,
18,13229,,,0.6733303070068359,,,
18,13239,,,0.6243314743041992,,,
18,13249,,,0.6238205432891846,,,
18,13259,,,0.5488269329071045,,,
18,13269,,,0.6052255630493164,,,
18,13279,,,0.5683794021606445,,,
18,13289,,,0.5411050319671631,,,
18,13299,,,0.48021677136421204,,,
18,13309,,,0.4842778444290161,,,
18,13319,,,0.6387531757354736,,,
18,13329,,,0.7626767158508301,,,
18,13339,,,0.36203068494796753,,,
18,13349,,,0.41181907057762146,,,
18,13359,,,0.6168762445449829,,,
18,13369,,,0.6420053243637085,,,
18,13375,,,,0.7305999994277954,0.7140798568725586,0.8136954307556152
18,13375,0.8065778017044067,0.5458142161369324,,,,
19,13379,,,0.43452560901641846,,,
19,13389,,,0.47073403000831604,,,
19,13399,,,0.6632155179977417,,,
19,13409,,,0.6044324636459351,,,
19,13419,,,0.6025952100753784,,,
19,13429,,,0.45613786578178406,,,
19,13439,,,0.44257795810699463,,,
19,13449,,,0.7054505348205566,,,
19,13459,,,0.7155135869979858,,,
19,13469,,,0.43599241971969604,,,
19,13479,,,0.8376562595367432,,,
19,13489,,,0.47845152020454407,,,
19,13499,,,0.3671320080757141,,,
19,13509,,,0.49397706985473633,,,
19,13519,,,0.46122997999191284,,,
19,13529,,,0.5736986398696899,,,
19,13539,,,0.5653479099273682,,,
19,13549,,,0.5118606090545654,,,
19,13559,,,0.5851284265518188,,,
19,13569,,,0.5851298570632935,,,
19,13579,,,0.49605122208595276,,,
19,13589,,,0.6307857632637024,,,
19,13599,,,0.29362988471984863,,,
19,13609,,,0.5077036619186401,,,
19,13619,,,0.3730630576610565,,,
19,13629,,,0.7494732141494751,,,
19,13639,,,0.5495710372924805,,,
19,13649,,,0.46438413858413696,,,
19,13659,,,0.5828301906585693,,,
19,13669,,,0.6362242102622986,,,
19,13679,,,0.5409676432609558,,,
19,13689,,,0.5664846897125244,,,
19,13699,,,0.7426614761352539,,,
19,13709,,,0.4653806686401367,,,
19,13719,,,0.4053635001182556,,,
19,13729,,,0.44868186116218567,,,
19,13739,,,0.5106848478317261,,,
19,13749,,,0.41556501388549805,,,
19,13759,,,0.4785515367984772,,,
19,13769,,,0.5376766920089722,,,
19,13779,,,0.6322954893112183,,,
19,13789,,,0.36779630184173584,,,
19,13799,,,0.5537823438644409,,,
19,13809,,,0.7485193014144897,,,
19,13819,,,0.6319950222969055,,,
19,13829,,,0.4993340075016022,,,
19,13839,,,0.7757024168968201,,,
19,13849,,,0.5681196451187134,,,
19,13859,,,0.6485925316810608,,,
19,13869,,,0.3479459881782532,,,
19,13879,,,0.4740913510322571,,,
19,13889,,,0.5584022998809814,,,
19,13899,,,0.38539940118789673,,,
19,13909,,,0.5106703042984009,,,
19,13919,,,0.530379593372345,,,
19,13929,,,0.5189763307571411,,,
19,13939,,,0.4219222068786621,,,
19,13949,,,0.4668010175228119,,,
19,13959,,,0.5106701850891113,,,
19,13969,,,0.5107113718986511,,,
19,13979,,,0.7086713314056396,,,
19,13989,,,0.5565835237503052,,,
19,13999,,,0.6951680779457092,,,
19,14009,,,0.5544918179512024,,,
19,14019,,,0.2648925185203552,,,
19,14029,,,0.7288316488265991,,,
19,14039,,,0.5809999108314514,,,
19,14049,,,0.7015002369880676,,,
19,14059,,,0.4097271263599396,,,
19,14069,,,0.6373637914657593,,,
19,14079,,,0.5488166809082031,,,
19,14079,,,,0.7390000224113464,0.7214813828468323,0.7996639609336853
19,14079,0.8119778037071228,0.5322028398513794,,,,
